pinyin,english,lesson,chinese
zǎo ān,good morning,Greeting 4,早安
wǎn ān,good evening,Greeting 4,晚安
yī huìr,a moment,Greeting 4,一会儿
huì; kuài,can,Greeting 4,会
Ān; ān,quiet,Greeting 4,安
zuì jìn,recently,Greeting 4,最近
hǎo jiǔ bu jiàn,long time no see,Greeting 4,好久不见
bù cuò,not bad,Greeting 4,不错
zuì,most,Greeting 4,最
jìn,near,Greeting 4,近
jiǔ,long time,Greeting 4,久
Cuò; cuò,mistake,Greeting 4,错
yāo; yào,to want,Drink,要
rè,to warm up,Drink,热
bīng,ice,Drink,冰
niú nǎi,cow's milk,Drink,牛奶
kā fēi,coffee,Drink,咖啡
Niú; niú,ox,Drink,牛
nǎi; nǎi,milk,Drink,奶
kā,,Drink,咖
fēi,,Drink,啡
xǐ shǒu jiān,bathroom,Location 2,洗手间
yī yuàn,hospital,Location 2,医院
xǐ,to wash,Location 2,洗
shǒu,hand,Location 2,手
jiān; jiàn,room,Location 2,间
yuàn,courtyard,Location 2,院
zhèr,here,Location 2,这儿
nàr,there,Location 2,那儿
fàn guǎn,restaurant,Location 2,饭馆
guǎn,building,Location 2,馆
Nián; nián; nián,year,Time 1,年
yuè,moon,Time 1,月
jī; jī; jǐ,how much,Time 1,几
líng,zero,Time 1,〇
xīng qī,week,Time 1,星期
míng tiān,tomorrow,Time 1,明天
Rì; rì,sun,Time 1,日
xīng,star,Time 1,星
qī,period of time,Time 1,期
diǎn,o'clock,Time 1,点
xiàn zài,now,Time 1,现在
bàn,half,Time 1,半
xiàn,to appear,Time 1,现
hái zi,child,Family 2,孩子
liǎng,two,Family 2,两
hái,child,Family 2,孩
zǐ; zi,son,Family 2,子
nǚ ér,daughter,Family 2,女儿
ér zi,son,Family 2,儿子
suì,years of age,Family 2,岁
nǚ,female,Family 2,女
qī zǐ; qī zi,wife,Family 2,妻子
zhàng fu,husband,Family 2,丈夫
qī; qì,wife,Family 2,妻
zhàng,husband,Family 2,丈
fū; fú,husband,Family 2,夫
māo,cat,Family 2,猫
tā,it,Family 2,它
gǒu,dog,Family 2,狗
wéi; wèi; wèi,hey,Telephone,喂
màn,slow,Telephone,慢
yī diǎnr,a little,Telephone,一点儿
kuài,fast,Telephone,快
dé; de; děi,to get,Telephone,得
míng bai,to understand,Telephone,明白
Bái; bái,white,Telephone,白
piào liang,pretty,People 1,漂亮
piāo; piǎo; piào,to float,People 1,漂
liàng,bright,People 1,亮
péng you,friend,People 1,朋友
nán,male,People 1,男
ǎi,short (in height,People 1,矮
péng,friend,People 1,朋
yǒu,friend,People 1,友
kě ài,cute,People 1,可爱
fēi cháng,very,People 1,非常
kě; kè,can,People 1,可
Fēi; fēi,to not be,People 1,非
Cháng; cháng,always,People 1,常
shàng wǔ,morning,Time 2,上午
fēn; fèn,minute,Time 2,分
xià wǔ,afternoon,Time 2,下午
wǎn shang,evening,Time 2,晚上
wǔ,noon,Time 2,午
wǎn,evening,Time 2,晚
xià,down,Time 2,下
měi,each,Time 2,每
zhōng wǔ,noon,Time 2,中午
zhōu mò,weekend,Time 2,周末
Zhōu; zhōu; zhōu,to circle,Time 2,周
mò,tip,Time 2,末
zuó tiān,yesterday,Time 2,昨天
le; liǎo; liǎo,(modal particle intensifying preceding clause),Time 2,了
zuò,to do,Time 2,做
zuó,yesterday,Time 2,昨
jīn nián,this year,Time 2,今年
qù nián,last year,Time 2,去年
míng nián,next year,Time 2,明年
qù,to go,Time 2,去
páng biān,next to,Location 3,旁边
zuǒ bian,to the left of,Location 3,左边
yòu bian,to the right of,Location 3,右边
páng,beside,Location 3,旁
Zuǒ; zuǒ,left,Location 3,左
yòu,right,Location 3,右
biān; bian,side,Location 3,边
qián miàn,ahead,Location 3,前面
hòu miàn,rear,Location 3,后面
xué xiào,school,Location 3,学校
qián,front,Location 3,前
Hòu; hòu; hòu,back,Location 3,后
jiào; xiào,to check,Location 3,校
zǒu,to walk,Location 3,走
dào,to arrive,Location 3,到
Lù; lù,road,Location 3,路
zěn me,how?,Location 3,怎么
nǎ lǐ; nǎ lǐ,where?,Location 3,哪里
zhè lǐ,here,Location 3,这里
nà li; nà li,there,Location 3,那里
wǎng,to go (in a direction),Location 3,往
lǐ; Lǐ; lǐ,inside,Location 3,里
xǐ huan,to like,Hobbies 1,喜欢
kān; kàn,to look after,Hobbies 1,看
Shū; shū,book,Hobbies 1,书
xǐ,to like,Hobbies 1,喜
huān; huān; huān,joyous,Hobbies 1,欢
wán,to play,Hobbies 1,玩
diàn nǎo,computer,Hobbies 1,电脑
yóu xì,game,Hobbies 1,游戏
nǎo,brain,Hobbies 1,脑
Yóu; yóu; yóu,swimt,Hobbies 1,游
xì,trick,Hobbies 1,戏
yǐn; tīng; tìng,to listen,Hobbies 1,听
yīn yuè,music,Hobbies 1,音乐
gē,song,Hobbies 1,歌
yīn,sound,Hobbies 1,音
Lè; Yuè; lè; yuè,happy,Hobbies 1,乐
tiào wǔ,to dance,Hobbies 1,跳舞
chàng,to sing,Hobbies 1,唱
tiào,to jump,Hobbies 1,跳
wǔ,to dance,Hobbies 1,舞
qǐ chuáng,to get out of bed,Daily Routine 1,起床
shàng xué,to go to school,Daily Routine 1,上学
shàng bān,to go to work,Daily Routine 1,上班
zǎo fàn,breakfast,Daily Routine 1,早饭
chuáng,bed,Daily Routine 1,床
Bān; bān,class,Daily Routine 1,班
Cóng; cóng; zòng,from,Daily Routine 1,从
shuì jiào,to go to bed,Daily Routine 1,睡觉
wǔ fàn,lunch,Daily Routine 1,午饭
shuì,to sleep,Daily Routine 1,睡
jiào; jué,a nap,Daily Routine 1,觉
fàng xué,to finish school (for the day),Daily Routine 1,放学
xià bān,to finish work (for the day),Daily Routine 1,下班
huí; huí,to return,Daily Routine 1,回
wǎn fàn,dinner,Daily Routine 1,晚饭
fàng,to put,Daily Routine 1,放
Qián; qián,money,Payment,钱
kuài,"a piece of (cloth, cake, soap, money)",Payment,块
zhǐ; zhǐ; zhī,only,Payment,只
mǎi,to buy,Payment,买
yī gòng,altogether,Payment,一共
Máo; máo,feather,Payment,毛
gòng,common,Payment,共
xìn yòng kǎ,credit card,Payment,信用卡
shōu,to receive,Payment,收
qiān; qiān,thousand,Payment,千
xìn,letter,Payment,信
yòng,to use,Payment,用
kǎ; qiǎ,card,Payment,卡
guì,expensive,Payment,贵
biàn yí; pián yi,cheap,Payment,便宜
xiàn jīn,cash,Payment,现金
biàn; pián,convenient,Payment,便
Yí; yí,proper,Payment,宜
Jīn; jīn,gold,Payment,金
tài,too (much),Payment,太
Mò; Wàn; wàn,ten thousand,Payment,万
háng; xíng,OK!,Payment,行
xiǎng,to think,Entertainment,想
Gān; gān; gān; gàn,dry,Entertainment,干
yǐng,picture,Entertainment,影
shì,to look at,Entertainment,视
diàn shì,television,Entertainment,电视
diàn yǐng,movie,Entertainment,电影
bào zhǐ,newspaper,Entertainment,报纸
shàng wǎng,to go online,Entertainment,上网
bào,to announce,Entertainment,报
zhǐ,paper,Entertainment,纸
wǎng,net,Entertainment,网
shǒu jī,cell phone,Entertainment,手机
xīn wén,news,Entertainment,新闻
Jī; jī,machine,Entertainment,机
Xīn; xīn,new,Entertainment,新
Wén; wén,to hear,Entertainment,闻
míng xīng,star,Entertainment,明星
tǐ yù,sports,Entertainment,体育
jié mù,program,Entertainment,节目
Hán guó,South Korea (Republic of Korea),Entertainment,韩国
tǐ,body,Entertainment,体
jiē; jié,festival,Entertainment,节
Hán,Korea,Entertainment,韩
yù,to have children,Entertainment,育
mù,eye,Entertainment,目
zhuō,table,Location 4,桌
zhǎo,to try to find,Location 4,找
zhuō zi,table,Location 4,桌子
yǐ zi,chair,Location 4,椅子
yǐ,chair,Location 4,椅
fáng jiān,room,Location 4,房间
bīng xiāng,refrigerator,Location 4,冰箱
wài,outside,Location 4,外
Fáng; fáng,house,Location 4,房
xiāng,box,Location 4,箱
wèi,classifier for people,Restaurant,位
děng,to wait for,Restaurant,等
yī xià,a bit,Restaurant,一下
jìn,enter,Restaurant,进
Zuò; zuò,to sit,Restaurant,坐
cài dān,menu,Restaurant,菜单
Yīng wén,English (language),Restaurant,英文
cài,dish (type of food),Restaurant,菜
Shàn; dān,bill,Restaurant,单
Wén; wén,language,Restaurant,文
fú wù yuán,waiter,Restaurant,服务员
diǎn cài,to order dishes (in a restaurant),Restaurant,点菜
mǎi dān,to pay the restaurant bill,Restaurant,买单
dìng wèi,reservation,Restaurant,订位
fú; fù,clothes,Restaurant,服
wù,business,Restaurant,务
yuán,person,Restaurant,员
dìng,to order,Restaurant,订
xiē,some,Supermarket,些
Xī; xī,West,Supermarket,西
Dōng; dōng,East,Supermarket,东
dōng xī; dōng xi,thing,Supermarket,东西
chāo shì,supermarket,Supermarket,超市
shuǐ guǒ,fruit,Supermarket,水果
chāo,super,Supermarket,超
shì,market,Supermarket,市
guǒ,fruit,Supermarket,果
gěi; jǐ,give,Supermarket,给
píng guǒ,apple,Supermarket,苹果
xī guā,watermelon,Supermarket,西瓜
píng; pín; píng,apple,Supermarket,苹
guā,melon,Supermarket,瓜
jī dàn,(chicken) egg,Supermarket,鸡蛋
xīn xiān,"fresh (experience, food etc)",Supermarket,新鲜
jī,chicken,Supermarket,鸡
dàn,egg,Supermarket,蛋
xiān; xiǎn; xiān,fresh,Supermarket,鲜
shū cài,vegetables,Supermarket,蔬菜
shū,vegetables,Supermarket,蔬
Bāo; bāo,package,Supermarket,包
Mǐ; mǐ,rice (uncooked),Supermarket,米
miàn bāo,bread,Supermarket,面包
dài,bag,Supermarket,袋
táng,sugar,Supermarket,糖
wéi; wèi,for,Hobbies 2,为
Xí; xí,to practice,Hobbies 2,习
xué xí,to learn,Hobbies 2,学习
Zhōng wén,Chinese language,Hobbies 2,中文
wèi shén me,why?,Hobbies 2,为什么
yīn wèi,because,Hobbies 2,因为
suǒ yǐ,so,Hobbies 2,所以
Xī bān yá,Spain,Hobbies 2,西班牙
yīn,cause,Hobbies 2,因
suǒ,actually,Hobbies 2,所
Yǐ; yǐ,to use,Hobbies 2,以
yá,tooth,Hobbies 2,牙
lǚ yóu,to travel,Hobbies 2,旅游
ài hào,hobby,Hobbies 2,爱好
Xī bān yá yǔ,Spanish language,Hobbies 2,西班牙语
qīng sōng,relaxed,Hobbies 2,轻松
lǚ,trip,Hobbies 2,旅
qīng,light,Hobbies 2,轻
Sōng; sōng; sōng,loose,Hobbies 2,松
zhào xiàng jī,camera,Hobbies 2,照相机
Yìn dù,India,Hobbies 2,印度
pāi zhào,to take a picture,Hobbies 2,拍照
pāi,to pat,Hobbies 2,拍
zhào,Photo,Hobbies 2,照
Yìn; yìn,to print,Hobbies 2,印
Xiāng; xiāng; xiàng,each other,Hobbies 2,相
dù; duó,degree (temperature or intensity),Hobbies 2,度
Hǎi; hǎi,ocean,Dining 1,海
běn,classifier for books and print media,Dining 1,本
Huán; hái; huán,also,Dining 1,还
Shàng hǎi,Shanghai,Dining 1,上海
hái shi,or,Dining 1,还是
Rì běn,Japan,Dining 1,日本
ròu,meat,Dining 1,肉
mǐ fàn,rice (cooked),Dining 1,米饭
miàn tiáo,noodles,Dining 1,面条
jī ròu,chicken meat,Dining 1,鸡肉
niú ròu,beef meat,Dining 1,牛肉
zhū ròu,pork meat,Dining 1,猪肉
yáng ròu,lamb meat,Dining 1,羊肉
yǐn liào,drink,Dining 1,饮料
zhū,pig,Dining 1,猪
Yáng; yáng,sheep,Dining 1,羊
yǐn; yìn,to drink,Dining 1,饮
liào,material,Dining 1,料
zuō; zuò,worker,Health 1,作
gōng,work,Health 1,工
lěi; lèi; Léi; léi,tired,Health 1,累
gōng zuò,to work,Health 1,工作
jué de,to think,Health 1,觉得
yǒu diǎnr,slightly,Health 1,有点儿
pán; pàng,fat,Health 1,胖
jiàn kāng,health,Health 1,健康
bù yào,do not,Health 1,不要
jiàn,healthy,Health 1,健
Kāng; kāng,healthy,Health 1,康
shēn tǐ,the body,Health 1,身体
zhù yì,to take note of,Health 1,注意
shēn,body,Health 1,身
zhù; zhù,to note,Health 1,注
Yì; yì,meaning,Health 1,意
kāi shǐ,to begin,Health 1,开始
duàn liàn,to work out,Health 1,锻炼
kāi,to open,Health 1,开
duàn,to forge,Health 1,锻
shǐ,beginning,Health 1,始
liàn,to refine,Health 1,炼
Tiě; tiě,iron (metal),Transportation,铁
diàn,inn,Transportation,店
de; dì,ground,Transportation,地
jiǔ,alcohol,Transportation,酒
jiǔ diàn,hotel,Transportation,酒店
dì tiě,subway,Transportation,地铁
bù zhǔn,to not allow,Transportation,不准
zhǔn; zhǔn,to allow,Transportation,准
chū zū chē,taxi,Transportation,出租车
zhàn,"A station, stand, or stop",Transportation,站
Chē; chē; jū,car,Transportation,车
chū,to go out,Transportation,出
zū,to hire,Transportation,租
kě yǐ,can,Transportation,可以
qì chē,car,Transportation,汽车
gōng gòng,public,Transportation,公共
chuán,boat,Transportation,船
gōng,public,Transportation,公
qì,steam,Transportation,汽
jiàn,matter,Shopping 1,件
yī; yì,clothes,Shopping 1,衣
Shāng; shāng,business,Shopping 1,商
shāng diàn,store,Shopping 1,商店
yī fu,clothes,Shopping 1,衣服
Mén; mén,door,Shopping 1,门
huān yíng,to welcome,Shopping 1,欢迎
yíng,to welcome,Shopping 1,迎
nín,"you (courteous, as opposed to informal 你)",Shopping 1,您
bāng máng,to help,Shopping 1,帮忙
xū yào,to need,Shopping 1,需要
xū,to require,Shopping 1,需
suí biàn,casual,Shopping 1,随便
Suí; suí,to follow,Shopping 1,随
dòu; dú,GT: read,Languages,读
yì si,GT: meaning,Languages,意思
xiě,GT: write,Languages,写
nán; nàn,GT: difficult,Languages,难
sī,GT: think,Languages,思
miǎo,GT: second,Time 3,秒
kè,GT: engraved,Time 3,刻
chā; chà; chāi,GT: difference,Time 3,差
xiǎo shí,GT: hour,Time 3,小时
fēn zhōng,GT: minute,Time 3,分钟
xiǎo,GT: small,Time 3,小
Shí; shí,GT: Time,Time 3,时
Zhōng; zhōng; zhōng,GT: bell,Time 3,钟
zhěng,GT: whole,Time 3,整
bēi,GT: cup,Dining 2,杯
pí,GT: beer,Dining 2,啤
Dé; dé,GT: Morality,Dining 2,德
Dé guó,GT: Germany,Dining 2,德国
pí jiǔ,GT: beer,Dining 2,啤酒
guǒ zhī,GT: fruit juice,Dining 2,果汁
zhī,GT: juice,Dining 2,汁
xiāng jiāo,GT: banana,Dining 2,香蕉
dàn gāo,GT: cake,Dining 2,蛋糕
jiāo; qiáo,GT: banana,Dining 2,蕉
gāo,GT: cake,Dining 2,糕
wǎn,GT: bowl,Dining 2,碗
bēi zi,GT: cup,Dining 2,杯子
pán zi,GT: plate,Dining 2,盘子
pán,GT: plate,Dining 2,盘
kuài zi,GT: chopsticks,Dining 2,筷子
Dāo; dāo,GT: Knife,Dining 2,刀
chā; chá; chǎ,GT: cross,Dining 2,叉
kuài,GT: chopsticks,Dining 2,筷
sháo zi,GT: Spoon,Dining 2,勺子
sháo,GT: Spoon,Dining 2,勺
Shì; shì,GT: room,Existence,室
bàn,GT: do,Existence,办
liàng,GT: Vehicles,Existence,辆
bàn gōng shì,GT: office,Existence,办公室
píng zi,GT: bottle,Existence,瓶子
zhào piàn,GT: photo,Existence,照片
píng,GT: bottle,Existence,瓶
piān; piàn,GT: sheet,Existence,片
niǎo,GT: bird,Existence,鸟
shù,GT: tree,Existence,树
Bù; bù,GT: step,Sports 1,步
páo; pǎo,GT: run,Sports 1,跑
yǒng,GT: swimming,Sports 1,泳
yóu yǒng,GT: Swim,Sports 1,游泳
pǎo bù,GT: Run,Sports 1,跑步
tī,GT: kick,Sports 1,踢
zú qiú,GT: football,Sports 1,足球
dá; dǎ,GT: hit,Sports 1,打
lán qiú,GT: basketball,Sports 1,篮球
jù; zú,GT: leg,Sports 1,足
lán,GT: basket,Sports 1,篮
qiú,GT: ball,Sports 1,球
yùn dòng,GT: motion,Sports 1,运动
Mǎ; mǎ,GT: horse,Sports 1,马
jì; qí,GT: ride,Sports 1,骑
yùn,GT: Transport,Sports 1,运
dòng,GT: move,Sports 1,动
bā; ba,GT: It,Invitiation 1,吧
chū qù,GT: Out,Invitiation 1,出去
shí jiān,GT: time,Invitiation 1,时间
shí hou,GT: time,Invitiation 1,时候
kōng; kòng,GT: air,Invitiation 1,空
lái,GT: Come,Invitiation 1,来
hòu,GT: Wait,Invitiation 1,候
Guò; guò; guo,GT: Live,Invitiation 1,过
yī qǐ,GT: together,Invitiation 1,一起
bù hǎo yì si,GT: Feel embarrassed,Invitiation 1,不好意思
gào sù; gào su,GT: tell,Invitiation 1,告诉
gào,GT: Tell,Invitiation 1,告
sù,GT: Complaint,Invitiation 1,诉
yuē huì,GT: appointment,Invitiation 1,约会
làng màn,GT: romantic,Invitiation 1,浪漫
làng,GT: wave,Invitiation 1,浪
màn,GT: Overflow,Invitiation 1,漫
gāi,GT: That,Health 2,该
bìng,GT: disease,Health 2,病
Shū; shū,GT: Shu,Health 2,舒
Yìng; yīng; yìng,GT: should,Health 2,应
shēng bìng,GT: sick,Health 2,生病
yīng gāi,GT: should,Health 2,应该
shū fu,GT: Comfortably,Health 2,舒服
téng,GT: pain,Health 2,疼
tóu; tou,GT: head,Health 2,头
xiū xi,GT: rest,Health 2,休息
Xiū; xiū,GT: Rest,Health 2,休
xī,GT: interest,Health 2,息
dù zi,GT: belly,Health 2,肚子
dǔ; dù,GT: tripe,Health 2,肚
yào; yào,GT: medicine,Health 2,药
yī dìng,GT: for sure,Health 2,一定
gǎn mào,GT: cold,Health 2,感冒
gǎn,GT: sense,Health 2,感
dìng,GT: set,Health 2,定
Mào; mào,GT: Risk,Health 2,冒
liú,GT: stay,Health 2,留
qǐng jià,GT: Ask for leave,Health 2,请假
fā shāo,GT: fever,Health 2,发烧
Bié; bié; biè,GT: do not,Health 2,别
fā; fà,GT: hair,Health 2,发
jiǎ; jià,GT: false,Health 2,假
shāo,GT: burn,Health 2,烧
pài,GT: send,Invitation 2,派
Néng; néng,GT: can,Invitation 2,能
shēng rì,GT: birthday,Invitation 2,生日
pài duì,GT: Party,Invitation 2,派对
dǎ ban,GT: dress up,Invitation 2,打扮
bàn,GT: Play,Invitation 2,扮
xī wàng,GT: hope,Invitation 2,希望
gēn,GT: with,Invitation 2,跟
xī,GT: hope,Invitation 2,希
wàng; wàng,GT: hope,Invitation 2,望
dà jiā,GT: everyone,Invitation 2,大家
gōng sī,GT: the company,Invitation 2,公司
zhèng zài,GT: Seizai,Invitation 2,正在
zhēng; zhèng,GT: positive,Invitation 2,正
Sī; sī,GT: Department,Invitation 2,司
shì qing,GT: thing,Invitation 2,事情
cái; cái,GT: only,Invitation 2,才
shì,GT: Thing,Invitation 2,事
qíng,GT: situation,Invitation 2,情
Fèi; fèi,GT: fee,Dining 3,费
wán,GT: Finish,Dining 3,完
Jīng; jīng,GT: through,Dining 3,经
yǐ,GT: Already,Dining 3,已
yǐ jīng,GT: already,Dining 3,已经
xiǎo fèi,GT: tip,Dining 3,小费
bǎo,GT: full,Dining 3,饱
hǎo chī; hào chī,GT: good to eat,Dining 3,好吃
zhēn,GT: true,Dining 3,真
è,GT: hungry,Dining 3,饿
hǎo hē,GT: Tasty,Dining 3,好喝
kě,GT: thirsty,Dining 3,渴
qiǎo kè lì,GT: chocolate,Dining 3,巧克力
wèi dao,GT: taste,Dining 3,味道
tián diǎn,GT: dessert,Dining 3,甜点
tián,GT: sweet,Dining 3,甜
qiǎo,GT: Opportunely,Dining 3,巧
kè; Kè; kēi,GT: Gram,Dining 3,克
Lì; lì,GT: force,Dining 3,力
shì,GT: test,Shopping 2,试
Lán; lán,GT: blue,Shopping 2,蓝
tiáo,GT: article,Shopping 2,条
qún,GT: skirt,Shopping 2,裙
qún zi,GT: skirt,Shopping 2,裙子
Shuāng; shuāng,GT: double,Shopping 2,双
xié zi,GT: Shoe,Shopping 2,鞋子
Yì dà lì,GT: Italy,Shopping 2,意大利
sè; shǎi,GT: color,Shopping 2,色
xié,GT: shoe,Shopping 2,鞋
Lì; lì,GT: Profit,Shopping 2,利
Bǐ; bǐ; bì,GT: ratio,Shopping 2,比
chèn shān,GT: shirt,Shopping 2,衬衫
chèn,GT: lining,Shopping 2,衬
shān,GT: Shirt,Shopping 2,衫
kù zi,GT: pants,Shopping 2,裤子
hǎo kàn,GT: good looking,Shopping 2,好看
kù,GT: pants,Shopping 2,裤
zhì,GT: quality,Shopping 2,质
liáng; liàng,GT: the amount,Shopping 2,量
zhì liàng,GT: quality,Shopping 2,质量
duǒ,GT: Flowers,Body Parts,朵
jīng,GT: eye,Body Parts,睛
lǜ,GT: green,Body Parts,绿
ěr,GT: ear,Body Parts,耳
yǎn,GT: eye,Body Parts,眼
ěr duo,GT: ear,Body Parts,耳朵
yǎn jing,GT: eye,Body Parts,眼睛
tóu fa,GT: hair,Body Parts,头发
liǎn,GT: face,Body Parts,脸
yòu,GT: also,Body Parts,又
Hēi; hēi,GT: black,Body Parts,黑
zuǐ ba,GT: mouth,Body Parts,嘴巴
bí zi,GT: nose,Body Parts,鼻子
jiǎo,GT: foot,Body Parts,脚
zuǐ,GT: mouth,Body Parts,嘴
bí,GT: nose,Body Parts,鼻
Bā; bā,GT: -bar,Body Parts,巴
yuǎn; yuàn,GT: far,Travel,远
chī; Lí; lí,GT: from,Travel,离
zǒu lù,GT: walk,Travel,走路
kāi chē,GT: Drive a car,Travel,开车
fēi jī,GT: aircraft,Travel,飞机
jī chǎng,GT: airport,Travel,机场
fēi,GT: fly,Travel,飞
cháng; chǎng,GT: field,Travel,场
kào,GT: by,Travel,靠
tíng,GT: stop,Travel,停
huǒ chē,GT: train,Travel,火车
piào,GT: ticket,Travel,票
jī piào,GT: Air tickets,Travel,机票
Huǒ; huǒ,GT: fire,Travel,火
chí dào,GT: be late,Travel,迟到
ràng,GT: Let,Travel,让
zěn me bàn,GT: How to do,Travel,怎么办
Chí; chí,GT: late,Travel,迟
Lěng; lěng,GT: cold,Weather,冷
qíng,GT: clear,Weather,晴
tiān qì,GT: the weather,Weather,天气
yǔ; yù,GT: rain,Weather,雨
Xuě; xuě,GT: snow,Weather,雪
Yīn; yīn,GT: Yin,Weather,阴
zhāo; zháo; zhe; zhuó,GT: The,Weather,着
sǎn; sǎn,GT: umbrella,Weather,伞
dài,GT: band,Weather,带
wài miàn,GT: outside,Weather,外面
kě néng,GT: may,Weather,可能
guā; guā,GT: scratch,Weather,刮
fēng,GT: wind,Weather,风
rú guǒ,GT: in case,Weather,如果
jiù,GT: on,Weather,就
cóng lái,GT: Never,Weather,从来
rú,GT: Such as,Weather,如
lǐ miàn,GT: inside,Weather,里面
rán,GT: However,Shopping 3,然
dàn,GT: but,Shopping 3,但
suī,GT: although,Shopping 3,虽
duǎn,GT: short,Shopping 3,短
cháng; zhǎng,GT: long,Shopping 3,长
suī rán,GT: although,Shopping 3,虽然
dàn shì,GT: but,Shopping 3,但是
Hóng; hóng,GT: red,Shopping 3,红
yán sè,GT: colour,Shopping 3,颜色
chuān,GT: wear,Shopping 3,穿
Yán; yán,GT: Color,Shopping 3,颜
Huáng; huáng,GT: yellow,Shopping 3,黄
shǒu biǎo,GT: Watch,Shopping 3,手表
mài,GT: Sell,Shopping 3,卖
mào zi,GT: hat,Shopping 3,帽子
mào,GT: cap,Shopping 3,帽
biǎo; biǎo,GT: table,Shopping 3,表
zǐ,GT: purple,Shopping 3,紫
Shào; shào,GT: Introduce,People 2,绍
jiè,GT: Introduction,People 2,介
jiè shào,GT: Introduction,People 2,介绍
Shuài; shuài,GT: Shuai,People 2,帅
xiào,GT: Lol,People 2,笑
shuō huà,GT: speak,People 2,说话
cōng ming,GT: clever,People 2,聪明
bié ren,GT: other people,People 2,别人
bù dàn,GT: Not only,People 2,不但
ér qiě,GT: and,People 2,而且
cōng,GT: Clever,People 2,聪
ér,GT: and,People 2,而
qiě,GT: And,People 2,且
Chūn; chūn,GT: spring,Celebration,春
kuài lè,GT: happy,Celebration,快乐
jié rì,GT: festival,Celebration,节日
Chūn jié,GT: Spring Festival,Celebration,春节
lǐ wù,GT: gift,Celebration,礼物
sòng,GT: give away,Celebration,送
xīn nián,GT: new Year,Celebration,新年
bái jiǔ,GT: Spirit,Celebration,白酒
Lǐ; lǐ,GT: ceremony,Celebration,礼
wù,GT: object,Celebration,物
gān bēi,GT: Cheers,Celebration,干杯
Zhù; zhù,GT: wish,Celebration,祝
Fǎ guó,GT: France,Celebration,法国
hóng jiǔ,GT: Red wine,Celebration,红酒
Fǎ; fǎ,GT: law,Celebration,法
sài,GT: Competition,Sports 2,赛
liàn,GT: practice,Sports 2,练
liàn xí,GT: Exercise,Sports 2,练习
bǐ sài,GT: game,Sports 2,比赛
hǎo zài,GT: Fortunately,Sports 2,好在
pīng pāng qiú,GT: pingpong,Sports 2,乒乓球
pīng,GT: Table tennis,Sports 2,乒
pāng,GT: Bang,Sports 2,乓
cān jiā,GT: participate,Sports 2,参加
dì,GT: The first,Sports 2,第
cān; shēn,GT: Ginseng,Sports 2,参
wǎng qiú,GT: tennis,Sports 2,网球
pái qiú,GT: volleyball,Sports 2,排球
jiā yóu,GT: Refuel,Sports 2,加油
pái,GT: row,Sports 2,排
yóu,GT: oil,Sports 2,油
shū,GT: lose,Sports 2,输
yíng,GT: win,Sports 2,赢
shī wàng,GT: Disappointed,Sports 2,失望
xìn xīn,GT: confidence,Sports 2,信心
shī,GT: Lose,Sports 2,失
xīn,GT: heart,Sports 2,心
tóng; tóng; tòng,GT: with,School,同
kè,GT: class,School,课
Jiào; jiāo; jiào,GT: teach,School,教
jiào shì,GT: Classroom,School,教室
tóng xué,GT: Classmate,School,同学
dì lǐ,GT: Geography,School,地理
lǐ,GT: Reason,School,理
dǒng,GT: understand,School,懂
wèn tí,GT: problem,School,问题
bǐ,GT: pen,School,笔
Tí; tí,GT: question,School,题
měi shù,GT: art,School,美术
shù; zhú,GT: Technique,School,术
kǎo shì,GT: examination,School,考试
zhǔn bèi,GT: ready,School,准备
kǎo; kǎo,GT: test,School,考
bèi,GT: Equipment,School,备
kē xué,GT: science,School,科学
kē,GT: Family,School,科
xià kè,GT: Finish class,School,下课
yé ye,GT: grandfather,Family 3,爷爷
nǎi nai,GT: grandmother,Family 3,奶奶
ā yí,GT: Auntie,Family 3,阿姨
yé,GT: Father,Family 3,爷
Ā; ā; ē,GT: A,Family 3,阿
yí,GT: aunt,Family 3,姨
xiōng dì jiě mèi,GT: brothers and sisters,Family 3,兄弟姐妹
guān xi,GT: relationship,Family 3,关系
shū shu,GT: uncle,Family 3,叔叔
fù mǔ,GT: parents,Family 3,父母
xiōng,GT: Brother,Family 3,兄
shū,GT: uncle,Family 3,叔
fù,GT: father,Family 3,父
mǔ,GT: mother,Family 3,母
xiàng,GT: image,Family 3,像
yī yàng,GT: same,Family 3,一样
qīn qi,GT: relative,Family 3,亲戚
Qī; qī,GT: Qi,Family 3,戚
qīn; qìng,GT: Dear,Family 3,亲
lā miàn,GT: Hand-Pulled Noodle,Gourmet 1,拉面
diǎn xin,GT: dessert,Gourmet 1,点心
xiǎo lóng bāo,GT: Dumplings,Gourmet 1,小笼包
lā,GT: Pull,Gourmet 1,拉
lóng; lǒng,GT: cage,Gourmet 1,笼
yù; zhōu,GT: Gruel,Gourmet 1,粥
yóu tiáo,GT: Fritters,Gourmet 1,油条
dòu jiāng,GT: Milk,Gourmet 1,豆浆
dòu,GT: beans,Gourmet 1,豆
jiāng; jiàng,GT: Pulp,Gourmet 1,浆
huǒ guō,GT: Hot Pot,Gourmet 1,火锅
bāo zi,GT: bun,Gourmet 1,包子
chǎo fàn,GT: Fried rice,Gourmet 1,炒饭
guō,GT: pot,Gourmet 1,锅
chǎo,GT: fry,Gourmet 1,炒
Xià; xià,GT: summer,Time 4,夏
dōng; Dōng; dōng,GT: winter,Time 4,冬
Qiū; qiū; qiū,GT: autumn,Time 4,秋
Jì; jì,GT: season,Time 4,季
Ào; ào,GT: Australia,Time 4,澳
yà,GT: Asia,Time 4,亚
jì jié,GT: season,Time 4,季节
Ào dà lì yà,GT: Australia,Time 4,澳大利亚
yuè lái yuè,GT: More,Time 4,越来越
qián tiān,GT: The day before yesterday,Time 4,前天
hòu tiān,GT: acquired,Time 4,后天
dǔ chē,GT: Traffic jam,Time 4,堵车
dà gài,GT: probably,Time 4,大概
zhǔn shí,GT: on time,Time 4,准时
gāng,GT: just,Time 4,刚
dǔ,GT: Blocking,Time 4,堵
gài,GT: General,Time 4,概
chéng,GT: city,Location 5,城
fù,GT: Attached,Location 5,附
Yuán; yuán,GT: garden,Location 5,园
chéng shì,GT: city,Location 5,城市
fù jìn,GT: nearby,Location 5,附近
gōng yuán,GT: park,Location 5,公园
tú,GT: Map,Location 5,图
Fāng; fāng,GT: How to,Location 5,方
zhōng jiān,GT: intermediate,Location 5,中间
tú shū guǎn,GT: library,Location 5,图书馆
dì fāng; dì fang,GT: local,Location 5,地方
shàng miàn,GT: On,Location 5,上面
xià miàn; xià miàn,GT: below,Location 5,下面
kā fēi guǎn,GT: coffee shop,Location 5,咖啡馆
shé; zhē; zhé,GT: fold,Shopping 4,折
Jué; jiǎo; jué,GT: angle,Shopping 4,角
Huā; huā,GT: flower,Shopping 4,花
dǎ zhé,GT: Discount,Shopping 4,打折
jiù,GT: old,Shopping 4,旧
Pí; pí,GT: skin,Shopping 4,皮
huàn,GT: change,Shopping 4,换
pí xié,GT: leather shoes,Shopping 4,皮鞋
jīng guò,GT: through,Shopping 4,经过
tuì huò,GT: Returns,Shopping 4,退货
tuì kuǎn,GT: Refund,Shopping 4,退款
tuì,GT: Retreat,Shopping 4,退
huò,GT: goods,Shopping 4,货
kuǎn,GT: paragraph,Shopping 4,款
dài zi,GT: bag,Shopping 4,袋子
guàn,GT: used,Daily Routine 2,惯
shuā; shuà,GT: brush,Daily Routine 2,刷
xí guàn,GT: habit,Daily Routine 2,习惯
shuā yá,GT: Brush teeth,Daily Routine 2,刷牙
mǎ shàng,GT: immediately,Daily Routine 2,马上
yǐ hòu,GT: after,Daily Routine 2,以后
zǎo,GT: bath,Daily Routine 2,澡
zǒng,GT: total,Daily Routine 2,总
xǐ zǎo,GT: Bathe,Daily Routine 2,洗澡
yī biān,GT: One side,Daily Routine 2,一边
zǒng shì,GT: always,Daily Routine 2,总是
jiǎng,GT: speak,Daily Routine 2,讲
gù,GT: Therefore,Daily Routine 2,故
gù shì; gù shi,GT: story,Daily Routine 2,故事
yǐ qián,GT: before,Daily Routine 2,以前
zuò mèng,GT: dream,Daily Routine 2,做梦
mèng,GT: dream,Daily Routine 2,梦
chú,GT: except,Food 3,除
qí,GT: its,Food 3,其
jiǎo,GT: dumpling,Food 3,饺
běi fāng,GT: north,Food 3,北方
chú le,GT: apart from,Food 3,除了
qí tā,GT: other,Food 3,其他
jiǎo zi,GT: Dumplings,Food 3,饺子
là,GT: hot,Food 3,辣
jí,GT: pole,Food 3,极
kǔ,GT: bitter,Food 3,苦
yán,GT: salt,Food 3,盐
Xián; xián; xián,GT: salty,Food 3,咸
Nán; nán,GT: south,Food 3,南
nán fāng,GT: south,Food 3,南方
nán chī,GT: Unpalatable,Food 3,难吃
jí,GT: level,People 3,级
gè zi,GT: Stature,People 3,个子
nián jí,GT: grade,People 3,年级
xiǎo xué,GT: primary school,People 3,小学
chū zhōng,GT: junior high school,People 3,初中
chū,GT: First,People 3,初
jiào,GT: Relatively,People 3,较
nián qīng,GT: young,People 3,年轻
bǐ jiào,GT: Compare,People 3,比较
yǎn jìng,GT: glasses,People 3,眼镜
Dài; dài,GT: wore,People 3,戴
jìng,GT: mirror,People 3,镜
xiān,GT: first,Location 6,先
rán hòu,GT: then,Location 6,然后
xī biān,GT: The west,Location 6,西边
dōng bian,GT: The east,Location 6,东边
běi biān,GT: North,Location 6,北边
yī zhí,GT: Up,Location 6,一直
zuì hòu,GT: At last,Location 6,最后
nán bian,GT: South,Location 6,南边
Zhí; zhí,GT: straight,Location 6,直
mí lù,GT: get lost,Location 6,迷路
dì zhǐ,GT: address,Location 6,地址
zhōu wéi,GT: around,Location 6,周围
mí,GT: fan,Location 6,迷
zhǐ,GT: site,Location 6,址
Wéi; wéi,GT: Enclose,Location 6,围
bān; pán,GT: Sort,Daily Routine 3,般
liáo,GT: chat,Daily Routine 3,聊
liáo tiān,GT: to chat with,Daily Routine 3,聊天
yī bān,GT: general,Daily Routine 3,一般
jiàn miàn,GT: meet,Daily Routine 3,见面
zì jǐ,GT: Own,Daily Routine 3,自己
yī gè rén,GT: A person,Daily Routine 3,一个人
zì,GT: from,Daily Routine 3,自
jǐ,GT: already,Daily Routine 3,己
zhèng; zhèng,GT: certificate,Travel 2,证
qiān; qiān,GT: sign,Travel 2,签
hù,GT: Protect,Travel 2,护
hù zhào,GT: passport,Travel 2,护照
qiān zhèng,GT: visa,Travel 2,签证
fā xiàn,GT: Find,Travel 2,发现
qǐ fēi,GT: take off,Travel 2,起飞
lí kāi,GT: go away,Travel 2,离开
jiǎn chá,GT: an examination,Travel 2,检查
xíng li,GT: Baggage,Travel 2,行李
ān quán,GT: Safety,Travel 2,安全
jiǎn,GT: Check,Travel 2,检
Zhā; chá; zhā,GT: check,Travel 2,查
jī hū,GT: almost,Travel 2,几乎
wàng jì,GT: forget,Travel 2,忘记
hǎi guān,GT: Customs,Travel 2,海关
wàng,GT: forget,Travel 2,忘
jì,GT: Remember,Travel 2,记
hū,GT: Down,Travel 2,乎
yán,GT: Speech,Languages 2,言
Yì; yì,GT: easy,Languages 2,易
Róng; róng,GT: Allow,Languages 2,容
zhǒng; zhòng,GT: Kind,Languages 2,种
róng yì,GT: easily,Languages 2,容易
yǔ yán,GT: Language,Languages 2,语言
gēng; gèng,GT: more,Languages 2,更
nǔ lì,GT: Strive,Languages 2,努力
hàn zì,GT: Chinese character,Languages 2,汉字
nǔ,GT: Strive,Languages 2,努
tí gāo,GT: improve,Languages 2,提高
shuǐ píng,GT: Level,Languages 2,水平
hòu lái,GT: later,Languages 2,后来
tí,GT: mention,Languages 2,提
Píng; píng,GT: level,Languages 2,平
kàn qǐ lai,GT: Looks,Personality and Feelings,看起来
qí guài,GT: strange,Personality and Feelings,奇怪
shēng qì,GT: pissed off,Personality and Feelings,生气
jǐn zhāng,GT: tension,Personality and Feelings,紧张
jī; qí,GT: odd,Personality and Feelings,奇
guài,GT: strange,Personality and Feelings,怪
jǐn,GT: tight,Personality and Feelings,紧
nán guò,GT: Sorry,Personality and Feelings,难过
kū,GT: cry,Personality and Feelings,哭
kě pà,GT: terrible,Personality and Feelings,可怕
rè qíng,GT: enthusiasm,Personality and Feelings,热情
guān xīn,GT: care,Personality and Feelings,关心
jīng cháng,GT: often,Personality and Feelings,经常
yù dào,GT: Experience,Personality and Feelings,遇到
hǎo xiào,GT: funny,Personality and Feelings,好笑
Yù; yù,GT: Encounter,Personality and Feelings,遇
qiú,GT: begging,School 2,求
xiào zhǎng,GT: principal,School 2,校长
yāo qiú,GT: Claim,School 2,要求
shí táng,GT: Cafeteria,School 2,食堂
shí; sì,GT: food,School 2,食
táng,GT: Hall,School 2,堂
bì xū,GT: have to,School 2,必须
wán chéng,GT: carry out,School 2,完成
zuò yè,GT: operation,School 2,作业
gāo zhōng; gāo zhòng,GT: Senior middle school,School 2,高中
bì,GT: must,School 2,必
Chéng; chéng,GT: to make,School 2,成
xū; xū,GT: must,School 2,须
Yè; yè,GT: industry,School 2,业
Xiàng; xiàng; xiàng,GT: to,School 2,向
jiè,GT: borrow,School 2,借
bǐ jì,GT: notes,School 2,笔记
qiān bǐ,GT: pencil,School 2,铅笔
qiān,GT: lead,School 2,铅
qīng chu,GT: clear,School 2,清楚
hēi bǎn,GT: blackboard,School 2,黑板
bǐ jì běn,GT: notebook,School 2,笔记本
Qīng; qīng,GT: clear,School 2,清
Chǔ; chǔ,GT: Chu,School 2,楚
bǎn; bǎn; pàn,GT: board,School 2,板
tǐ yù guǎn,GT: stadium,School 2,体育馆
huà,GT: Of,Future,化
suàn,GT: Count,Future,算
bān,GT: move,Future,搬
biàn,GT: change,Future,变
dǎ suàn,GT: intend,Future,打算
biàn huà,GT: Variety,Future,变化
jī huì,GT: opportunity,Future,机会
liú xué,GT: Study abroad,Future,留学
guó jiā,GT: country,Future,国家
xuǎn zé,GT: select,Future,选择
xuǎn,GT: selected,Future,选
zé,GT: Choose,Future,择
jié hūn,GT: marry,Future,结婚
yuàn yì,GT: willing,Future,愿意
rèn zhēn,GT: serious,Future,认真
jiē; jié,GT: Knot,Future,结
yuàn; yuàn,GT: willing,Future,愿
hūn,GT: marriage,Future,婚
dāng rán,GT: of course,Future,当然
fàng xīn,GT: rest assured,Future,放心
hài pà,GT: Afraid,Future,害怕
dāng; dāng; dàng,GT: when,Future,当
hài,GT: harm,Future,害
Pà; pà,GT: afraid,Future,怕
fēn shǒu,GT: Breaking up,Future,分手
jìng,GT: territory,Environment,境
Huán; huán,GT: ring,Environment,环
céng,GT: Floor,Environment,层
fāng biàn,GT: Convenience,Environment,方便
huán jìng,GT: surroundings,Environment,环境
cǎo,GT: grass,Environment,草
tài yang,GT: sun,Environment,太阳
xīng xing,GT: star,Environment,星星
yáng,GT: Positive,Environment,阳
ān jìng,GT: be quiet,Environment,安静
Lóu; lóu,GT: floor,Environment,楼
jìng,GT: Quiet,Environment,静
shēng yīn,GT: sound,Environment,声音
yǐng xiǎng,GT: influences,Environment,影响
lín jū,GT: neighbor,Environment,邻居
shēng,GT: sound,Environment,声
lín,GT: adjacent,Environment,邻
xiǎng,GT: ring,Environment,响
Jū; jī; jū,GT: House,Environment,居
lā jī,GT: Rubbish,Environment,垃圾
tǒng,GT: barrel,Environment,桶
diū,GT: throw,Environment,丢
zàng; zāng,GT: dirty,Environment,脏
lā,GT: garbage,Environment,垃
jī,GT: Rubbish,Environment,圾
Xiān sheng; xiān sheng,GT: Mr,Work,先生
xiǎo jie,GT: Young lady,Work,小姐
jīng lǐ,GT: manager,Work,经理
tóng shì,GT: colleague,Work,同事
tū rán,GT: suddenly,Work,突然
zhòng yào,GT: important,Work,重要
huì yì,GT: meeting,Work,会议
tū,GT: Sudden,Work,突
chóng; zhòng,GT: weight,Work,重
yì,GT: Discuss,Work,议
jiě jué,GT: solve,Work,解决
bàn fǎ,GT: Method,Work,办法
xiāng xìn,GT: Believe,Work,相信
jué,GT: Decide,Work,决
Xiè; jiě; jiè; xiè,GT: solution,Work,解
jiè,GT: boundary,Culture,界
hé,GT: River,Culture,河
Shì; shì,GT: world,Culture,世
Huáng Hé,GT: Yellow River,Culture,黄河
dòng wù,GT: animal,Culture,动物
yǒu míng,GT: Famous,Culture,有名
shì jiè,GT: world,Culture,世界
Cháng Jiāng,GT: Yangtze,Culture,长江
Jiāng; jiāng,GT: River,Culture,江
duō me,GT: how,Culture,多么
xióng māo,GT: panda,Culture,熊猫
Xī ān,GT: Xi'an,Culture,西安
ā; á; ǎ; à; a,GT: what,Culture,啊
Xióng; xióng,GT: Bear,Culture,熊
Cháng chéng,GT: Great Wall,Culture,长城
Gù gōng; gù gōng,GT: Forbidden City,Culture,故宫
Gōng; gōng,GT: palace,Culture,宫
Shān; shān,GT: mountain,Hobbies 3,山
zhě,GT: Person,Hobbies 3,者
pá,GT: climb,Hobbies 3,爬
huò,GT: or,Hobbies 3,或
zì xíng chē,GT: bicycle,Hobbies 3,自行车
huò zhě,GT: or,Hobbies 3,或者
pá shān,GT: Climb,Hobbies 3,爬山
gōng fu,GT: effort,Hobbies 3,功夫
gōng,GT: Gong,Hobbies 3,功
wén huà,GT: culture,Hobbies 3,文化
lì shǐ,GT: history,Hobbies 3,历史
xìng qù,GT: interest,Hobbies 3,兴趣
gǎn xìng qù,GT: Interested,Hobbies 3,感兴趣
lì; lì,GT: calendar,Hobbies 3,历
qù,GT: interest,Hobbies 3,趣
Shǐ; shǐ,GT: history,Hobbies 3,史
wèi le,GT: in order to,Hobbies 3,为了
tè bié,GT: particular,Hobbies 3,特别
liǎo jiě; liǎo jiě,GT: To understanding,Hobbies 3,了解
má jiàng,GT: Mahjong,Hobbies 3,麻将
tè,GT: special,Hobbies 3,特
Má; má,GT: hemp,Hobbies 3,麻
jiāng; jiàng; qiāng,GT: will,Hobbies 3,将
Gù; gù,GT: Attend,Health 3,顾
sǐ,GT: dead,Health 3,死
mēn; mèn,GT: stuffy,Health 3,闷
tuǐ; tuǐ,GT: leg,Health 3,腿
zhào gu,GT: Look after,Health 3,照顾
gōng jīn,GT: kg,Health 3,公斤
zháo jí,GT: Worry,Health 3,着急
shòu,GT: thin,Health 3,瘦
jīn,GT: jin,Health 3,斤
jí,GT: anxious,Health 3,急
ké sou,GT: cough,Health 3,咳嗽
chōu yān,GT: smokes,Health 3,抽烟
hāi; ké,GT: cough,Health 3,咳
sòu,GT: cough,Health 3,嗽
chōu,GT: Draw,Health 3,抽
yān,GT: smoke,Health 3,烟
jì,GT: The occasion,Travel 3,际
jǔ; guì,GT: cabinet,Travel 3,柜
zhuǎi; zhuǎn; zhuàn,GT: turn,Travel 3,转
zhuǎn jī,GT: Connection,Travel 3,转机
guì tái,GT: counter,Travel 3,柜台
guó jì,GT: International,Travel 3,国际
huàn qián,GT: Change money,Travel 3,换钱
yín háng,GT: bank,Travel 3,银行
chōng diàn,GT: Charging,Travel 3,充电
guó nèi,GT: domestic,Travel 3,国内
yín,GT: silver,Travel 3,银
chōng,GT: Charge,Travel 3,充
nèi,GT: Inside,Travel 3,内
chōng zhí,GT: Recharge,Travel 3,充值
màn yóu,GT: roaming,Travel 3,漫游
diàn huà kǎ,GT: phone card,Travel 3,电话卡
zhí,GT: value,Travel 3,值
dìng fáng,GT: Booking,Travel 3,订房
tuì fáng,GT: check out,Travel 3,退房
qǔ xiāo,GT: cancel,Travel 3,取消
dǎo yóu,GT: Tourist guide,Travel 3,导游
qǔ,GT: take,Travel 3,取
dǎo,GT: guide,Travel 3,导
xiāo,GT: Eliminate,Travel 3,消
dā; dá,GT: answer,Languages 3,答
jù,GT: sentence,Languages 3,句
jiǎn,GT: simple,Languages 3,简
jiǎn dān,GT: simple,Languages 3,简单
jù zi,GT: sentence,Languages 3,句子
huí dá,GT: Reply,Languages 3,回答
cí diǎn,GT: dictionary,Languages 3,词典
yìng yòng,GT: application,Languages 3,应用
yǔ fǎ,GT: grammar,Languages 3,语法
liú lì,GT: fluent,Languages 3,流利
cí,GT: word,Languages 3,词
liú,GT: flow,Languages 3,流
diǎn,GT: Code,Languages 3,典
xià zǎi,GT: download,Languages 3,下载
duō lín guó,GT: Duolingo,Languages 3,多邻国
fān yì,GT: translation,Languages 3,翻译
fān,GT: turn,Languages 3,翻
zǎi; zài,GT: Load,Languages 3,载
yì,GT: Translate,Languages 3,译
bǎ; bà,GT: The,House,把
dēng,GT: light,House,灯
kōng tiáo,GT: air conditioning,House,空调
huà,GT: painting,House,画
chú fáng,GT: kitchen,House,厨房
kè tīng,GT: living room,House,客厅
chú,GT: Kitchen,House,厨
tīng,GT: hall,House,厅
kè rén,GT: The guests,House,客人
dǎ sǎo,GT: clean,House,打扫
gān jìng,GT: clean,House,干净
sǎo; sào,GT: sweep,House,扫
jìng,GT: net,House,净
diàn tī,GT: elevator,House,电梯
huài,GT: Bad,House,坏
bèi,GT: Is,House,被
cè suǒ,GT: WC,House,厕所
cè; sì,GT: toilet,House,厕
tī,GT: ladder,House,梯
hán,GT: cold,Exam,寒
shǔ,GT: Heat,Exam,暑
fù; fù,GT: complex,Exam,复
jì de,GT: remember,Exam,记得
fù xí,GT: review,Exam,复习
shù xué,GT: mathematics,Exam,数学
fàng jià,GT: holiday,Exam,放假
shǔ jià,GT: summer vacation,Exam,暑假
hán jià,GT: winter vacation,Exam,寒假
zhōng yú,GT: at last,Exam,终于
jié shù,GT: End,Exam,结束
fàng sōng,GT: Relax,Exam,放松
Dà xué; dà xué,GT: the University,Exam,大学
zhōng,GT: end,Exam,终
Yú; yú; yú,GT: to,Exam,于
Shù; shù,GT: bundle,Exam,束
chéng jì,GT: Achievement,Exam,成绩
dān xīn,GT: worry,Exam,担心
zhuān yè,GT: profession,Exam,专业
dān; dàn,GT: Dan,Exam,担
zhuān,GT: Special,Exam,专
jì,GT: Merit,Exam,绩
Jǐng; jǐng,GT: view,Travel 4,景
jiē,GT: street,Travel 4,街
dì tú,GT: map,Travel 4,地图
jiē dào,GT: street,Travel 4,街道
hóng lǜ dēng,GT: traffic light,Travel 4,红绿灯
fēng jǐng,GT: landscape,Travel 4,风景
sī jī,GT: driver,Travel 4,司机
jiē,GT: Meet,Travel 4,接
miǎn fèi,GT: free,Travel 4,免费
dǎ chē,GT: A taxi,Travel 4,打车
guān guāng,GT: go sightseeing,Travel 4,观光
miǎn,GT: Avoid,Travel 4,免
Guàn; guān; guàn,GT: Watch,Travel 4,观
guāng,GT: Light,Travel 4,光
xiǎo xīn,GT: Be careful,Travel 4,小心
shí chā,GT: jet lag,Travel 4,时差
mǎ lù,GT: road,Travel 4,马路
cān guān,GT: Visit,Travel 4,参观
bó wù guǎn,GT: museum,Travel 4,博物馆
bó,GT: Rich,Travel 4,博
ān pái,GT: arrangement,Travel 4,安排
huó dòng,GT: activity,Travel 4,活动
biǎo yǎn,GT: Performance,Travel 4,表演
hǎi biān,GT: seaside,Travel 4,海边
huó,GT: live,Travel 4,活
yǎn,GT: play,Travel 4,演
yóu,GT: mail,Communication 2,邮
gāng cái; gāng cái,GT: Just now,Communication 2,刚才
diàn zǐ yóu jiàn,GT: e-mail,Communication 2,电子邮件
zhǔ yào,GT: main,Communication 2,主要
duǎn xìn,GT: SMS,Communication 2,短信
guān yú,GT: on,Communication 2,关于
zhǔ,GT: the Lord,Communication 2,主
dēng lù,GT: log in,Communication 2,登录
mì mǎ,GT: password,Communication 2,密码
xìn hào,GT: signal,Communication 2,信号
dēng,GT: Ascend,Communication 2,登
Mì; mì,GT: dense,Communication 2,密
Lù; lù,GT: record,Communication 2,录
Duàn; duàn,GT: segment,Communication 2,段
qí shí,GT: in fact,Communication 2,其实
guò qù; guò qu,GT: past,Communication 2,过去
Tán; tán,GT: talk,Communication 2,谈
shí,GT: real,Communication 2,实
tóng yì,GT: agree,Work 2,同意
jué dìng,GT: Decide,Work 2,决定
gēn jù,GT: according to,Work 2,根据
shēng zhí,GT: Promotion,Work 2,升职
gēn,GT: root,Work 2,根
jū; jù,GT: according to,Work 2,据
shēng,GT: Rise,Work 2,升
zhí,GT: Office,Work 2,职
mǎn yì,GT: satisfaction,Work 2,满意
rèn wéi,GT: think,Work 2,认为
chū chāi,GT: On a business trip,Work 2,出差
biǎo xiàn,GT: which performed,Work 2,表现
Mǎn; mǎn,GT: full,Work 2,满
Lǎo bǎn; lǎo bǎn,GT: boss,Work 2,老板
má fan,GT: trouble,Work 2,麻烦
kāi huì,GT: Meetings,Work 2,开会
miàn shì,GT: Interview,Work 2,面试
fán,GT: bother,Work 2,烦
bǐng,GT: cake,Festivals,饼
yuè liang,GT: moon,Festivals,月亮
yuè bǐng,GT: moon cake,Festivals,月饼
Zhōng qiū jié,GT: Mid-Autumn Festival,Festivals,中秋节
yuán,GT: circle,Festivals,圆
gōng xǐ,GT: Congratulation,Festivals,恭喜
hóng bāo,GT: Red envelope,Festivals,红包
tāng yuán,GT: Dumpling,Festivals,汤圆
jù huì,GT: get together,Festivals,聚会
fā cái,GT: Make a fortune,Festivals,发财
gōng,GT: Respectful,Festivals,恭
jù,GT: Gather,Festivals,聚
cái,GT: fiscal,Festivals,财
Duān wǔ jié,GT: Dragon boat festival,Festivals,端午节
zòng zi,GT: Zongzi,Festivals,粽子
huá; huá; huà,GT: Draw,Festivals,划
lóng zhōu,GT: Dragon Boat,Festivals,龙舟
duān,GT: end,Festivals,端
zòng,GT: Dumplings,Festivals,粽
Lóng; lóng,GT: Dragon,Festivals,龙
zhōu,GT: boat,Festivals,舟
zhū,GT: Pearl,Gourmet 2,珠
Tāng; shāng; tāng,GT: soup,Gourmet 2,汤
suān,GT: acid,Gourmet 2,酸
zhēn,GT: Treasure,Gourmet 2,珍
zhēn zhū nǎi chá,GT: Pearl milk tea,Gourmet 2,珍珠奶茶
suān là tāng,GT: Hot and sour soup,Gourmet 2,酸辣汤
Běi jīng kǎo yā,GT: Peking duck,Gourmet 2,北京烤鸭
chūn juǎn,GT: Spring Rolls,Gourmet 2,春卷
dòu huā,GT: Curd,Gourmet 2,豆花
kǎo,GT: grilled,Gourmet 2,烤
yā,GT: duck,Gourmet 2,鸭
juǎn; juàn; juǎn,GT: volume,Gourmet 2,卷
gōng bǎo jī dīng,GT: Kung Pao Chicken,Gourmet 2,宫保鸡丁
lǔ ròu fàn,GT: Braised pork on rice,Gourmet 2,卤肉饭
mán tou,GT: steamed bread,Gourmet 2,馒头
Bǎo; bǎo,GT: Insurance,Gourmet 2,保
lǔ; lǔ,GT: halogen,Gourmet 2,卤
mán,GT: steamed bread,Gourmet 2,馒
Dīng; dīng,GT: Ding,Gourmet 2,丁
háo,GT: Howe,Internet Slang,豪
zhái,GT: House,Internet Slang,宅
Tǔ; tǔ,GT: soil,Internet Slang,土
tǔ háo,GT: Local tycoon,Internet Slang,土豪
chī huò,GT: Food goods,Internet Slang,吃货
zhái nán,GT: Takuotoko,Internet Slang,宅男
cài niǎo,GT: Rookie,Internet Slang,菜鸟
měi tú,Chinese photography editing app,Internet Slang,美图
méng,GT: Sprout,Internet Slang,萌
zì pāi,GT: Selfie,Internet Slang,自拍
jiǒng,GT: Oops,Internet Slang,囧
měi méi,GT: Meimei,Internet Slang,美眉
gāo fù shuài,"GT: Tall, rich and handsome",Internet Slang,高富帅
méi,GT: eyebrow,Internet Slang,眉
Fù; fù,GT: rich,Internet Slang,富
wēi bó,GT: BiHiroshi,Internet Slang,微博
Wēi xìn,GT: Micro letter,Internet Slang,微信
Péng you quān,GT: Circle of friends,Internet Slang,朋友圈
Wēi; wēi,GT: micro-,Internet Slang,微
juān; juàn; quān,GT: ring,Internet Slang,圈
guān zhù,GT: attention,Internet Slang,关注
zàn,GT: awesome,Internet Slang,赞
zhuǎn fā,GT: Forwarded,Internet Slang,转发
hǎo yǒu,GT: Friends,Internet Slang,好友
fěn sī,GT: Fans,Internet Slang,粉丝
fēn xiǎng,GT: share it,Internet Slang,分享
píng lùn,GT: comment,Internet Slang,评论
fěn,GT: powder,Internet Slang,粉
sī,GT: wire,Internet Slang,丝
xiǎng,GT: enjoy,Internet Slang,享
píng,GT: Review,Internet Slang,评
Lún; lùn,GT: s,Internet Slang,论
xiāo,GT: pin,Business 1,销
shōu jù,GT: receipt,Business 1,收据
bào xiāo,GT: Submit an expense account,Business 1,报销
fèi yòng,GT: cost,Business 1,费用
jǐn kuài; jìn kuài,GT: ASAP,Business 1,尽快
huí fù,GT: Reply,Business 1,回复
bào gào,GT: report,Business 1,报告
xié yì,GT: protocol,Business 1,协议
jǐn; jìn,GT: Exhausted,Business 1,尽
xié,GT: Assist,Business 1,协
hé tong,GT: contract,Business 1,合同
xiàng mù,GT: project,Business 1,项目
qiān míng,GT: signature,Business 1,签名
huì bào; huì bào,GT: report,Business 1,汇报
gě; hé,GT: Close,Business 1,合
Xiàng; xiàng,GT: item,Business 1,项
huì; huì,GT: exchange,Business 1,汇
guǎng gào,GT: ad,Business 1,广告
yù suàn,GT: budget,Business 1,预算
zī běn,GT: capital,Business 1,资本
dī,GT: low,Business 1,低
Guǎng; guǎng,GT: wide,Business 1,广
zī,GT: Capital,Business 1,资
xiǎn,GT: risk,Business 2,险
tóu,GT: cast,Business 2,投
bǎo xiǎn,GT: Insurance,Business 2,保险
fēng xiǎn,GT: risk,Business 2,风险
tóu zī,GT: investment,Business 2,投资
lǜ shī,GT: lawyer,Business 2,律师
bǎn quán,GT: copyright,Business 2,版权
zī xún,GT: advisory,Business 2,咨询
Lǜ; lǜ,GT: law,Business 2,律
bǎn,GT: Version,Business 2,版
zī,GT: Advisory,Business 2,咨
Quán; quán,GT: right,Business 2,权
xún,GT: Query,Business 2,询
bǎo chí,GT: maintain,Business 2,保持
lián xì,GT: contact,Business 2,联系
lián,GT: United,Business 2,联
chí,GT: hold,Business 2,持
hé zuò,GT: Cooperation,Business 2,合作
yú kuài,GT: happy,Business 2,愉快
xīn kǔ,GT: hard,Business 2,辛苦
gǎn xiè,GT: thank,Business 2,感谢
yú,GT: Discovery,Business 2,愉
Xīn; xīn,GT: Xin,Business 2,辛
shāng,GT: hurt,Emergency,伤
shòu,GT: Suffer,Emergency,受
jiù,GT: save,Emergency,救
jǐng,GT: police,Emergency,警
bào jǐng,GT: Call the police,Emergency,报警
jiù hù chē,GT: ambulance,Emergency,救护车
shòu shāng,GT: Injured,Emergency,受伤
jiù mìng,GT: Help,Emergency,救命
fā shēng,GT: occur,Emergency,发生
yì wài,GT: accident,Emergency,意外
yán zhòng,GT: serious,Emergency,严重
Yán; yán,GT: strict,Emergency,严
mìng,GT: Life,Emergency,命
tōu,GT: steal,Emergency,偷
jǐng chá,GT: Policemen,Emergency,警察
Chá; chá,GT: Observe,Emergency,察
jiǎng,GT: prize,Work 3,奖
gōng zī,GT: wage,Work 3,工资
jiā bān,GT: Overtime,Work 3,加班
jiǎng jīn,GT: bonus,Work 3,奖金
shēng yì; shēng yi,GT: business,Work 3,生意
yā lì,GT: pressure,Work 3,压力
zé rèn,GT: responsibility,Work 3,责任
shāng liang,GT: discuss,Work 3,商量
yì jiàn,GT: opinion,Work 3,意见
yā; yà,GT: Press,Work 3,压
zé,GT: responsibility,Work 3,责
Rén; rèn,GT: Any,Work 3,任
wù huì,GT: misunderstanding,Work 3,误会
bào qiàn,GT: Sorry,Work 3,抱歉
yuán liàng,GT: forgive,Work 3,原谅
wù,GT: error,Work 3,误
bào,GT: hold,Work 3,抱
Yuán; yuán,GT: original,Work 3,原
qiàn,GT: apologize,Work 3,歉
liàng,GT: Forgive,Work 3,谅
gān zào,GT: dry,Weather 2,干燥
nuǎn huo,GT: warm,Weather 2,暖和
liáng kuai,GT: Cool off,Weather 2,凉快
zào,GT: dry,Weather 2,燥
nuǎn,GT: warm,Weather 2,暖
Liáng; liáng; liàng,GT: cool,Weather 2,凉
wēn dù,GT: temperature,Weather 2,温度
dà yuē,GT: about,Weather 2,大约
Wēn; wēn,GT: temperature,Weather 2,温
yīng,GT: eagle,Duo,鹰
yǔ,GT: feather,Duo,羽
chéng,GT: Orange,Duo,橙
māo tóu yīng,GT: owl,Duo,猫头鹰
yǔ máo,GT: feather,Duo,羽毛
duō er,name of a character owl from the app Duolingo,Duo,多儿
gǔ lì,GT: encourage,Duo,鼓励
tí xǐng,GT: remind,Duo,提醒
lǎn,GT: lazy,Duo,懒
fàng qì,GT: give up,Duo,放弃
gǔ,GT: drum,Duo,鼓
Lì; lì,GT: Encourage,Duo,励
xǐng,GT: wake,Duo,醒
qì,GT: abandoned,Duo,弃